,city,lat,lon,temp_max,humidity,all,speed,country,date
0,Ahuimanu,21.4447,-157.8378,72.86,89,60,3.0,US,[]
1,Ossora,59.2353,163.0719,25.47,88,100,5.46,RU,[]
2,Butaritari,3.0707,172.7902,80.94,84,50,18.32,KI,[]
3,Zhangjiakou,40.81,114.8794,47.44,19,91,8.99,CN,[]
4,Acapulco,16.8634,-99.8901,80.92,54,40,0.87,MX,[]
5,Lagoa Da Prata,-20.0225,-45.5436,80.94,52,0,5.3,BR,[]
6,Xuddur,4.1213,43.8894,76.59,71,100,5.46,SO,[]
7,Georgetown,5.4112,100.3354,85.95,74,20,4.61,MY,[]
8,Veinticinco De Mayo,-35.4323,-60.1727,68.99,91,99,1.99,AR,[]
9,Mazyr,52.0495,29.2456,52.79,79,100,9.17,BY,[]
10,Vaini,-21.2,-175.2,76.89,69,69,19.08,TO,[]
11,Lebu,-37.6167,-73.65,53.4,78,75,8.95,CL,[]
12,Tasiilaq,65.6145,-37.6368,39.36,89,72,1.97,GL,[]
13,New Norfolk,-42.7826,147.0587,52.92,80,99,1.05,AU,[]
14,Hobart,-42.8794,147.3294,53.28,89,75,6.91,AU,[]
15,Hermanus,-34.4187,19.2345,66.79,60,0,12.5,ZA,[]
16,Dehloran,32.6941,47.2679,86.45,27,19,8.93,IR,[]
17,Albany,42.6001,-73.9662,53.26,71,100,3.44,US,[]
18,Dikson,73.5069,80.5464,10.18,92,100,7.78,RU,[]
19,Dinghai,26.2847,119.7936,67.77,97,100,0.49,CN,[]
20,Dunedin,-45.8742,170.5036,54.81,73,100,18.01,NZ,[]
21,Ushuaia,-54.8,-68.3,37.06,97,100,1.63,AR,[]
22,Bambous Virieux,-20.3428,57.7575,79.05,73,75,10.36,MU,[]
23,Husavik,66.0449,-17.3389,43.79,74,100,6.42,IS,[]
24,Mataura,-46.1927,168.8643,52.48,95,100,6.38,NZ,[]
25,Karungdong,5.8844,121.263,81.43,83,100,12.08,PH,[]
26,Kavieng,-2.5744,150.7967,82.85,76,16,12.15,PG,[]
27,Oriximina,-1.7656,-55.8661,80.91,85,47,4.54,BR,[]
28,Kavaratti,10.5669,72.642,86.14,69,79,7.18,IN,[]
29,Verkhnyaya Inta,65.9811,60.3094,38.46,80,100,19.35,RU,[]
30,Kenai,60.5544,-151.2583,36.03,95,80,4.7,US,[]
31,Pangnirtung,66.1451,-65.7125,-4.2,82,12,3.0,CA,[]
32,Puerto Leguizamo,-0.1934,-74.7819,79.36,82,78,1.66,CO,[]
33,Ternate,0.8,127.4,82.38,76,100,2.46,ID,[]
34,Port Hardy,50.6996,-127.4199,40.41,84,60,6.24,CA,[]
35,Barcelona,41.3888,2.159,80.15,45,20,14.97,ES,[]
36,Montevideo,-34.8335,-56.1674,72.82,77,99,11.9,UY,[]
37,Punta Arenas,-53.15,-70.9167,38.37,67,92,5.17,CL,[]
38,Cidreira,-30.1811,-50.2056,71.94,84,100,4.7,BR,[]
39,Tuktoyaktuk,69.4541,-133.0374,24.1,96,100,1.3,CA,[]
40,Samandag,36.0842,35.9771,77.36,38,0,5.39,TR,[]
41,Oktyabrskiy,54.4815,53.471,64.22,50,24,13.51,RU,[]
42,Tura,25.5198,90.2201,78.67,65,0,4.0,IN,[]
43,Faanui,-16.4833,-151.75,82.24,72,16,17.02,PF,[]
44,Smithers,54.7804,-127.1743,30.52,100,100,2.3,CA,[]
45,Longyearbyen,78.2186,15.6401,1.24,66,40,9.22,SJ,[]
46,Popondetta,-8.7537,148.2534,76.01,90,100,2.48,PG,[]
47,Nikolskoye,59.7035,30.7861,48.87,74,44,11.56,RU,[]
48,Ormara,25.2088,64.6357,82.9,80,0,18.12,PK,[]
49,Ponta Do Sol,32.6667,-17.1,68.72,74,33,8.99,PT,[]
50,Jamestown,42.097,-79.2353,47.01,67,100,9.22,US,[]
51,Upington,-28.4478,21.2561,73.51,11,2,1.54,ZA,[]
52,Kapaa,22.0752,-159.319,71.58,93,67,1.01,US,[]
53,Bluff,-46.6,168.3333,52.81,81,86,17.02,NZ,[]
54,Arraial Do Cabo,-22.9661,-42.0278,76.71,84,9,13.85,BR,[]
55,Bredasdorp,-34.5322,20.0403,66.31,48,9,11.56,ZA,[]
56,Erdenet,49.0333,104.0833,33.21,28,100,3.56,MN,[]
57,Muros,42.7762,-9.0603,62.69,84,28,11.45,ES,[]
58,Hambantota,6.1241,81.1185,82.74,94,17,2.3,LK,[]
59,Avarua,-21.2078,-159.775,77.05,94,75,6.91,CK,[]
60,Brae,60.3964,-1.353,46.0,55,26,15.01,GB,[]
61,Koutsouras,35.0339,25.9469,72.1,60,100,4.52,GR,[]
62,Busselton,-33.65,115.3333,57.85,90,100,4.61,AU,[]
63,Mar Del Plata,-38.0023,-57.5575,62.62,94,75,14.97,AR,[]
64,Yellowknife,62.456,-114.3525,33.57,69,96,11.01,CA,[]
65,Sri Aman,1.2376,111.4621,74.61,98,95,1.32,MY,[]
66,Sovetskiy,61.3614,63.5842,47.89,84,99,10.63,RU,[]
67,Kathmandu,27.7167,85.3167,79.02,36,40,6.91,NP,[]
68,Atuona,-9.8,-139.0333,77.9,79,16,22.1,PF,[]
69,Yerbogachen,61.2767,108.0108,26.19,93,91,1.25,RU,[]
70,Codrington,-38.2667,141.9667,61.3,72,100,10.13,AU,[]
71,Port Blair,11.6667,92.75,84.94,73,99,3.4,IN,[]
72,Ngunguru,-35.6167,174.5,61.2,71,80,6.26,NZ,[]
73,Cape Town,-33.9258,18.4232,73.11,55,20,24.16,ZA,[]
74,Soyo,-6.1349,12.3689,81.27,79,76,9.44,AO,[]
75,Rikitea,-23.1203,-134.9692,78.13,73,96,19.06,PF,[]
76,Morehead,37.2711,-87.1764,47.98,66,0,8.05,US,[]
77,Iqaluit,63.7506,-68.5145,-4.31,70,65,0.94,CA,[]
78,Chokurdakh,70.6333,147.9167,-5.93,100,100,4.03,RU,[]
79,Vorobyevka,50.6451,40.9245,72.91,49,0,10.54,RU,[]
80,Havre-Saint-Pierre,50.2334,-63.5986,35.96,93,100,13.8,CA,[]
81,Sidi Ali,36.0998,0.4206,65.32,70,99,11.68,DZ,[]
82,Port Alfred,-33.5906,26.891,66.18,76,7,5.99,ZA,[]
83,Upernavik,72.7868,-56.1549,23.02,73,63,6.91,GL,[]
84,Kulhudhuffushi,6.6221,73.07,85.6,69,63,4.74,MV,[]
85,Le Pradet,43.1066,6.0172,75.79,70,0,21.85,FR,[]
86,East London,-33.0153,27.9116,67.91,60,50,19.17,ZA,[]
87,Kushiro,42.975,144.3747,44.4,99,100,8.1,JP,[]
88,Half Moon Bay,37.4636,-122.4286,53.78,85,75,25.32,US,[]
89,Camaqua,-30.8511,-51.8122,75.33,78,70,5.61,BR,[]
90,Sola,-13.8833,167.55,81.03,75,100,19.66,VU,[]
91,Lasa,46.6166,10.7002,51.37,94,98,2.46,IT,[]
92,Baykit,61.67,96.37,25.43,94,70,4.79,RU,[]
93,Ilulissat,69.2167,-51.1,33.82,86,100,10.36,GL,[]
94,Shubarkuduk,49.1447,56.4872,65.35,29,5,4.68,KZ,[]
95,Pevek,69.7008,170.3133,16.74,74,100,7.07,RU,[]
96,Mecca,21.4267,39.8261,96.3,27,0,20.89,SA,[]
97,Kyren,51.6828,102.1408,31.12,59,90,1.81,RU,[]
98,Asau,46.4333,26.4,70.95,29,69,7.34,RO,[]
99,Shirokiy,49.758,129.523,33.49,95,100,19.13,RU,[]
100,San Cristobal,7.7669,-72.225,80.8,52,97,1.41,VE,[]
101,Saskylakh,71.9167,114.0833,-2.16,100,93,1.83,RU,[]
102,Kodiak,57.79,-152.4072,35.11,75,100,4.61,US,[]
103,Challapata,-18.9,-66.7667,52.92,13,96,3.69,BO,[]
104,Sao Jose Da Coroa Grande,-8.8978,-35.1478,82.9,65,45,13.47,BR,[]
105,Yamada,39.4667,141.95,57.29,98,100,11.92,JP,[]
106,Yangliuqing,39.1375,116.9997,64.35,12,1,14.74,CN,[]
107,Cabo San Lucas,22.8909,-109.9124,71.51,66,0,6.64,MX,[]
108,Clyde River,70.4692,-68.5914,11.84,94,100,32.59,CA,[]
109,Margate,51.3813,1.3862,58.1,57,12,11.83,GB,[]
110,Scandiano,44.5965,10.6907,69.75,49,45,8.99,IT,[]
111,Escanaba,45.7453,-87.0646,30.51,88,100,5.75,US,[]
112,Manado,1.487,124.8455,79.57,94,40,2.3,ID,[]
113,Songjianghe,42.1859,127.479,36.97,67,86,12.86,CN,[]
114,Ribeira Grande,38.5167,-28.7,64.8,77,20,14.97,PT,[]
115,Araceli,10.5529,119.9913,83.44,80,100,12.12,PH,[]
116,Gambo,4.6482,22.2633,90.81,42,100,2.06,CF,[]
117,Saint-Joseph,-21.3667,55.6167,77.38,80,23,10.51,RE,[]
118,Victoria,22.2855,114.1577,82.45,82,64,8.01,HK,[]
119,Elk,53.8282,22.3647,55.29,49,84,7.2,PL,[]
120,Karratha,-20.7377,116.8463,81.23,50,99,13.42,AU,[]
121,Mahebourg,-20.4081,57.7,79.09,73,75,10.36,MU,[]
122,Isangel,-19.55,169.2667,74.98,63,100,12.3,VU,[]
123,Bereznik,62.8551,42.7072,38.8,91,100,6.89,RU,[]
124,Lulea,65.5842,22.1547,35.67,38,0,18.41,SE,[]
125,Hithadhoo,-0.6,73.0833,85.55,69,100,7.05,MV,[]
126,Tortosa,40.8125,0.5216,73.24,41,100,9.37,ES,[]
127,Paamiut,61.994,-49.6678,32.74,93,100,23.06,GL,[]
128,Rincon,32.296,-81.2354,76.96,69,20,8.05,US,[]
129,San-Pedro,4.7485,-6.6363,86.23,66,100,8.16,CI,[]
130,Port Elizabeth,-33.918,25.5701,68.09,75,1,5.01,ZA,[]
131,Castro,-24.7911,-50.0119,75.25,58,100,4.7,BR,[]
132,Aklavik,68.2191,-135.0107,27.72,97,100,4.85,CA,[]
133,Nuuk,64.1835,-51.7216,36.21,80,75,28.77,GL,[]
134,Bathsheba,13.2167,-59.5167,79.41,89,75,11.5,BB,[]
135,Albanel,48.8832,-72.4487,47.17,87,100,8.59,CA,[]
136,Visavadar,21.3833,70.6833,93.58,22,1,11.65,IN,[]
137,Vestmannaeyjar,63.4427,-20.2734,45.59,93,40,9.22,IS,[]
138,Folkestone,51.0833,1.1833,58.98,60,5,13.94,GB,[]
139,Klaksvik,62.2266,-6.589,43.72,66,100,8.57,FO,[]
140,Harper,4.375,-7.7169,83.71,78,99,7.29,LR,[]
141,Terrace,54.5163,-128.6035,31.91,100,100,2.3,CA,[]
142,Taoudenni,22.6783,-3.9836,90.57,12,0,20.24,ML,[]
143,Taitung,22.7583,121.1444,80.92,80,2,7.34,TW,[]
144,Ryki,51.6257,21.9327,52.83,44,99,8.14,PL,[]
145,Broken Hill,-31.95,141.4333,59.58,94,84,14.05,AU,[]
146,Gisenyi,-1.7028,29.2564,70.29,85,89,3.04,RW,[]
147,Daru,-9.0763,143.2092,80.58,81,53,4.7,PG,[]
148,Salalah,17.0151,54.0924,86.09,66,20,9.22,OM,[]
149,Teguise,29.0605,-13.564,64.62,77,75,13.8,ES,[]
150,Pullman,46.7313,-117.1796,44.83,88,100,12.66,US,[]
151,Salamanca,40.8333,-6.0,60.58,54,100,13.47,ES,[]
152,Airai,-8.9266,125.4092,59.74,87,73,0.87,TL,[]
153,Pitkyaranta,61.5734,31.4792,35.65,96,100,11.43,RU,[]
154,Barrow,71.2906,-156.7887,5.02,85,100,11.5,US,[]
155,Qaanaaq,77.484,-69.3632,13.95,71,37,5.66,GL,[]
156,Port Macquarie,-31.4333,152.9167,61.9,87,100,3.76,AU,[]
157,Santa Cruz De La Palma,28.6835,-17.7642,70.14,64,75,17.27,ES,[]
158,Balabac,7.9868,117.0645,82.18,79,100,7.67,PH,[]
159,Kununurra,-15.7667,128.7333,75.18,73,98,0.0,AU,[]
160,Privolzhsk,57.3808,41.2886,54.16,65,100,8.43,RU,[]
161,Palana,59.1167,159.9667,25.05,98,100,7.29,RU,[]
162,Shamkhal,43.0596,47.3373,62.58,47,11,17.22,RU,[]
163,Torbay,47.6666,-52.7314,42.89,91,100,14.97,CA,[]
164,Sioux Lookout,50.1001,-91.917,17.15,79,100,7.94,CA,[]
165,Saint Anthony,45.0205,-93.218,31.24,68,100,14.97,US,[]
166,San Juan Del Cesar,10.7711,-73.0031,83.23,66,100,6.53,CO,[]
167,Alyangula,-13.8483,136.4192,81.9,74,83,6.91,AU,[]
168,Gigmoto,13.7796,124.39,80.67,88,54,9.44,PH,[]
169,San Quintin,30.4833,-115.95,61.18,76,33,6.44,MX,[]
170,Port Lincoln,-34.7333,135.8667,63.5,83,100,10.16,AU,[]
171,Worland,44.0169,-107.9554,47.59,75,0,0.0,US,[]
172,Esperance,-33.8667,121.9,64.83,56,53,8.81,AU,[]
173,Carnarvon,-24.8667,113.6333,69.87,88,40,20.71,AU,[]
174,Nador,35.174,-2.9287,64.65,77,40,5.75,MA,[]
175,Puerto Ayora,-0.7393,-90.3518,73.36,81,10,6.85,EC,[]
176,Hasaki,35.7333,140.8333,73.8,89,100,34.52,JP,[]
177,Kandalaksha,67.162,32.4123,29.64,50,52,9.78,RU,[]
178,Katsuura,35.1333,140.3,71.08,92,100,30.13,JP,[]
179,Kristiansund,63.1115,7.732,41.65,52,75,6.91,NO,[]
180,Moron,-34.6534,-58.6198,70.02,93,100,9.17,AR,[]
181,Kirakira,-10.4544,161.9205,79.39,84,93,2.44,SB,[]
182,Vieux Fort,13.7167,-60.95,81.72,74,75,16.11,LC,[]
183,Bengkulu,-3.8004,102.2655,79.95,85,100,5.28,ID,[]
184,Bhainsdehi,21.6467,77.6325,91.06,14,2,6.24,IN,[]
185,Marienburg,54.0359,19.0266,61.84,42,10,8.41,PL,[]
186,Obo,5.3998,26.4869,93.38,34,100,2.93,CF,[]
187,Laguna,38.421,-121.4238,56.44,80,0,6.91,US,[]
188,Tahe,52.3333,124.7333,30.72,50,18,5.32,CN,[]
189,Provideniya,64.3833,-173.3,23.95,92,72,8.55,RU,[]
190,Mishkino,55.3389,63.9175,58.68,57,16,6.49,RU,[]
191,Urusha,54.05,122.9,27.7,54,33,3.96,RU,[]
192,Fairbanks,64.8378,-147.7164,34.61,81,20,6.91,US,[]
193,Yar-Sale,66.8333,70.8333,30.07,93,62,12.3,RU,[]
194,Hilo,19.7297,-155.09,72.28,96,100,3.0,US,[]
195,Petropavlovsk-Kamchatskiy,53.0452,158.6483,27.73,82,3,12.37,RU,[]
196,Anadyr,64.75,177.4833,28.0,92,100,28.99,RU,[]
197,Keningau,5.3378,116.1602,72.1,98,94,1.32,MY,[]
198,Severnoye,56.3491,78.3619,48.34,54,15,5.73,RU,[]
199,Sayat,38.7839,63.8803,81.64,21,100,17.83,TM,[]
200,Sinnamary,5.3833,-52.95,82.11,78,100,8.59,GF,[]
201,Seguin,29.5688,-97.9647,60.39,85,100,12.66,US,[]
202,Kidal,18.4411,1.4078,95.59,10,0,18.52,ML,[]
203,Saint-Philippe,-21.3585,55.7679,78.39,81,17,10.58,RE,[]
204,Ugoofaaru,5.6667,73.0,85.6,67,82,2.26,MV,[]
205,Guerrero Negro,27.9769,-114.0611,61.25,77,0,5.66,MX,[]
206,Ayagoz,47.9714,80.4392,49.91,32,11,3.76,KZ,[]
207,Kloulklubed,7.0419,134.2556,75.7,77,100,14.67,PW,[]
208,Yaring,6.8662,101.3689,81.32,80,8,2.84,TH,[]
209,Qaqortoq,60.7167,-46.0333,36.0,87,100,1.7,GL,[]
210,Kahului,20.8947,-156.47,72.84,87,100,12.66,US,[]
211,Jiaozuo,35.2397,113.2331,70.61,28,100,12.26,CN,[]
212,Taksimo,56.3444,114.8794,28.17,64,98,3.18,RU,[]
213,Hay River,60.8156,-115.7999,35.28,92,100,4.74,CA,[]
214,Ahipara,-35.1667,173.1667,60.48,75,73,5.77,NZ,[]
215,Lagoa,39.05,-27.9833,60.6,78,99,11.86,PT,[]
216,Hayden,47.766,-116.7866,45.48,93,100,6.91,US,[]
217,Debre Tabor,11.85,38.0167,71.15,24,94,5.5,ET,[]
218,Cody,44.5263,-109.0565,47.41,45,0,8.05,US,[]
219,Bambanglipuro,-7.95,110.2833,78.84,87,100,8.05,ID,[]
220,Wattegama,6.7989,81.4808,78.44,86,97,2.19,LK,[]
221,Manavalakurichi,8.1333,77.3,83.88,79,6,4.27,IN,[]
222,Geraldton,-28.7667,114.6,64.81,88,75,19.57,AU,[]
223,Sarangani,5.4033,125.4636,83.59,73,100,7.23,PH,[]
224,Rawson,-43.3002,-65.1023,61.12,41,100,24.23,AR,[]
225,Gardner,42.5751,-71.9981,52.11,61,100,4.61,US,[]
226,Terrace Bay,48.7834,-87.1,17.47,78,100,12.35,CA,[]
227,Uren,57.4552,45.7852,57.45,81,100,8.28,RU,[]
228,Stornoway,58.2093,-6.3865,53.92,69,40,12.66,GB,[]
229,Male,4.1748,73.5089,85.44,67,18,5.73,MV,[]
230,Kaitangata,-46.2817,169.8464,51.37,92,100,9.86,NZ,[]
231,Constitucion,-35.3333,-72.4167,57.18,79,100,25.41,CL,[]
232,Chuy,-33.6971,-53.4616,68.58,92,100,6.87,UY,[]
233,Roebourne,-20.7833,117.1333,81.54,44,99,13.18,AU,[]
234,Rio Grande,-32.035,-52.0986,80.71,88,100,10.65,BR,[]
235,Sal Rei,16.1833,-22.9167,72.68,75,21,18.92,CV,[]
236,Khorinsk,52.1657,109.7726,30.15,45,96,4.05,RU,[]
237,Mehamn,71.0357,27.8492,20.37,74,100,34.58,NO,[]
238,Namatanai,-3.6667,152.4333,80.56,80,29,7.34,PG,[]
239,Aksarayskiy,46.7924,48.0119,78.78,28,26,18.37,RU,[]
240,Japura,-0.3167,102.35,76.84,95,96,2.75,ID,[]
241,Carutapera,-1.195,-46.02,83.41,76,60,8.28,BR,[]
242,Nouadhibou,20.931,-17.0347,65.73,82,0,23.4,MR,[]
243,Westport,41.1415,-73.3579,55.09,94,100,4.0,US,[]
244,Aykhal,66.0,111.5,12.78,97,87,3.09,RU,[]
245,Atar,20.5169,-13.0499,86.88,21,0,13.15,MR,[]
246,Lata,40.1629,-8.3327,67.08,78,83,7.16,PT,[]
247,Manokwari,-0.8667,134.0833,80.37,79,100,2.24,ID,[]
248,Raymond Terrace,-32.75,151.75,64.0,100,100,0.0,AU,[]
249,Denpasar,-8.65,115.2167,83.86,88,20,4.61,ID,[]
250,Doha,25.2867,51.5333,89.91,45,75,8.05,QA,[]
251,Zhigansk,66.7697,123.3711,7.32,92,20,6.13,RU,[]
252,Sao Filipe,14.8961,-24.4956,75.9,67,3,14.79,CV,[]
253,Hualmay,-11.0964,-77.6139,69.22,81,28,7.14,PE,[]
254,Chagoda,59.164,35.3285,41.86,86,100,6.38,RU,[]
255,Sitka,57.0531,-135.33,44.49,81,100,6.91,US,[]
256,Zhurivka,50.5028,31.7849,57.74,71,81,14.34,UA,[]
257,Brokopondo,4.75,-55.1667,81.41,74,34,4.85,SR,[]
258,Oistins,13.0667,-59.5333,78.89,89,75,11.5,BB,[]
259,Berlevag,70.8578,29.0864,19.2,77,100,38.95,NO,[]
260,Los Llanos De Aridane,28.6585,-17.9182,65.12,65,75,17.27,ES,[]
261,Yuzhno-Kurilsk,44.0306,145.8556,42.82,99,100,12.15,RU,[]
262,Khatanga,71.9667,102.5,13.32,92,100,5.77,RU,[]
263,Turtas,58.9417,69.1325,46.89,85,22,3.27,RU,[]
264,Qui Nhon,13.7667,109.2333,79.7,91,48,8.97,VN,[]
265,Portland,45.5234,-122.6762,46.38,91,75,3.0,US,[]
266,Khash,28.2211,61.2158,85.71,12,25,16.11,IR,[]
267,Nkwerre,5.7556,7.1063,92.41,49,84,2.73,NG,[]
268,Savinka,50.0785,47.0994,74.98,42,97,9.91,RU,[]
269,Lorengau,-2.0226,147.2712,81.97,80,16,8.57,PG,[]
270,Touros,-5.1989,-35.4608,85.39,66,21,16.37,BR,[]
271,Thompson,55.7435,-97.8558,22.35,72,98,4.56,CA,[]
272,Pochutla,15.7432,-96.4661,79.83,59,50,3.49,MX,[]
273,Makakilo City,21.3469,-158.0858,71.92,79,40,11.5,US,[]
274,Olafsvik,64.8945,-23.7142,43.12,74,100,9.33,IS,[]
275,Roros,62.5747,11.3842,31.84,59,75,17.27,NO,[]
276,Hofn,64.2539,-15.2082,44.19,81,93,11.54,IS,[]
277,Misratah,32.3754,15.0925,69.91,56,14,15.43,LY,[]
278,Ancud,-41.8697,-73.8203,44.22,68,76,14.92,CL,[]
279,Bethel,41.3712,-73.414,52.03,87,100,3.44,US,[]
280,Shimoda,34.6667,138.95,71.1,94,100,23.2,JP,[]
281,Melendugno,40.2747,18.3368,66.49,57,0,9.73,IT,[]
282,Cockburn Town,21.4612,-71.1419,75.94,75,3,18.84,TC,[]
283,Valkla,59.4744,25.3186,50.05,49,8,7.74,EE,[]
284,El Dorado,38.7666,-120.5177,54.18,62,100,3.0,US,[]
285,Mansa,29.9833,75.3833,95.61,9,0,5.68,IN,[]
286,Saldanha,-33.0117,17.9442,62.24,67,0,19.17,ZA,[]
287,Litovko,49.2361,135.1742,32.7,99,100,8.32,RU,[]
288,Tual,-5.6667,132.75,84.15,73,90,8.05,ID,[]
289,Thabazimbi,-24.5917,27.4116,79.21,35,0,3.76,ZA,[]
290,Chimbote,-9.0853,-78.5783,68.86,81,81,4.79,PE,[]
291,Dzheguta,43.9671,42.0426,72.66,48,4,9.22,RU,[]
292,Suvorov,54.1223,36.4966,59.11,78,88,1.61,RU,[]
293,Zhanaozen,43.3,52.8,79.05,18,4,15.08,KZ,[]
294,Sakakah,29.9697,40.2064,84.9,18,10,5.93,SA,[]
295,Fortuna,40.5982,-124.1573,44.92,96,75,3.44,US,[]
296,Parana,-31.732,-60.5238,76.55,82,27,12.64,AR,[]
297,Ibra,22.6906,58.5334,96.98,12,24,14.76,OM,[]
298,Poum,-20.2333,164.0167,75.58,66,100,16.15,NC,[]
299,Ozernovskiy,51.5,156.5167,32.32,92,100,16.98,RU,[]
300,Tiksi,71.6872,128.8694,-3.87,100,38,3.96,RU,[]
301,Riyadh,24.6877,46.7219,91.54,15,40,11.65,SA,[]
302,Sterling,39.0062,-77.4286,64.26,85,100,5.99,US,[]
303,Rockland,41.1668,-74.0496,53.6,89,100,1.01,US,[]
304,Tucurui,-3.7661,-49.6725,82.81,79,100,5.23,BR,[]
305,Barranca,-10.75,-77.7667,68.11,82,44,5.79,PE,[]
306,Urbana,40.1106,-88.2073,39.72,69,20,14.97,US,[]
307,Bela,25.9333,81.9833,97.65,10,4,7.47,IN,[]
308,Hirara,24.8,125.2833,78.94,91,3,17.29,JP,[]
309,Lucenec,48.3325,19.6671,65.03,70,72,6.71,SK,[]
310,Tessalit,20.1986,1.0114,92.25,10,0,18.52,ML,[]
311,Santa Rita,-7.1139,-34.9781,86.67,66,40,17.27,BR,[]
312,Neuquen,-38.9516,-68.0591,60.12,44,65,22.35,AR,[]
313,Shetpe,44.1667,52.1167,79.7,20,0,11.59,KZ,[]
314,Ewa Beach,21.3156,-158.0072,73.35,79,40,11.5,US,[]
315,Pisco,-13.7,-76.2167,68.05,77,0,6.91,PE,[]
316,Ndola,-12.9587,28.6366,78.55,53,99,5.01,ZM,[]
317,San Patricio,28.017,-97.5169,69.89,83,100,17.02,US,[]
318,Broome,42.2506,-75.833,56.19,83,100,4.61,US,[]
319,Fereydun Kenar,36.6864,52.5225,62.73,77,100,6.87,IR,[]
320,Wazirganj,28.2167,79.05,95.36,9,2,7.43,IN,[]
321,Dhidhdhoo,6.8833,73.1,85.6,69,74,5.03,MV,[]
322,Mlowo,-9.0,32.9833,69.26,87,100,3.87,TZ,[]
323,Warkworth,-36.4,174.6667,59.9,74,100,4.85,NZ,[]
324,Alice Springs,-23.7,133.8833,56.75,72,2,4.61,AU,[]
325,Huamachuco,-7.8,-78.0667,55.51,67,86,4.7,PE,[]
326,Luderitz,-26.6481,15.1594,73.27,43,0,14.72,NA,[]
327,Sao Joao Da Barra,-21.6403,-41.0511,82.49,74,14,4.79,BR,[]
328,Norman Wells,65.282,-126.8329,33.15,99,100,4.45,CA,[]
329,Hervey Bay,-25.2986,152.8535,73.06,67,100,16.26,AU,[]
330,Itarema,-2.9248,-39.9167,83.46,71,85,13.38,BR,[]
331,Maloy,61.9353,5.1136,47.93,64,11,28.16,NO,[]
332,Ust-Nera,64.5667,143.2,9.77,96,100,4.12,RU,[]
333,Cayenne,4.9333,-52.3333,86.04,1,75,4.61,GF,[]
334,Meulaboh,4.1363,96.1285,76.55,83,100,10.69,ID,[]
335,Caucaia,-3.7361,-38.6531,87.75,60,40,14.97,BR,[]
336,Lieksa,63.3167,30.0167,36.3,81,100,12.86,FI,[]
337,Port-Cartier,50.0334,-66.8654,35.82,99,100,6.53,CA,[]
338,Charters Towers,-20.1,146.2667,67.19,93,32,6.69,AU,[]
339,Ljubuski,43.1969,17.545,74.62,50,3,6.71,BA,[]
340,Lavrentiya,65.5833,-171.0,20.86,88,99,3.87,RU,[]
341,Umm Lajj,25.0213,37.2685,82.65,49,3,7.34,SA,[]
342,Roald,62.5833,6.1333,47.32,65,40,19.57,NO,[]
343,Kelheim,48.9167,11.8667,51.26,90,100,5.64,DE,[]
344,Jutai,-5.1833,-68.9,79.97,84,100,2.08,BR,[]
345,Okhotsk,59.3833,143.3,23.52,87,5,3.89,RU,[]
346,Ust-Koksa,50.2696,85.6108,38.44,80,97,4.43,RU,[]
347,Pacifica,37.6138,-122.4869,53.83,89,75,25.32,US,[]
348,Bardiyah,31.7561,25.0865,74.43,35,10,8.37,LY,[]
349,Hede,33.7681,120.2517,62.31,80,100,6.24,CN,[]
350,Necochea,-38.5473,-58.7368,65.5,59,13,19.28,AR,[]
351,San Ramon,37.7799,-121.978,54.63,87,0,9.22,US,[]
352,College,64.8569,-147.8028,34.59,80,75,6.91,US,[]
353,Palmer,42.1584,-72.3287,53.38,72,100,12.66,US,[]
354,Kerouane,9.2667,-9.0167,100.4,17,100,5.61,GN,[]
355,Kruisfontein,-34.0033,24.7314,65.88,63,1,18.14,ZA,[]
356,Buraydah,26.326,43.975,90.64,13,2,8.25,SA,[]
357,Qiongshan,20.0058,110.3542,79.9,83,0,11.54,CN,[]
358,Oranjemund,-28.55,16.4333,67.21,46,0,19.75,NA,[]
359,Saint George,37.1041,-113.5841,54.19,24,0,0.0,US,[]
360,Zhangye,38.9342,100.4517,66.07,19,100,14.67,CN,[]
361,Yagodnoye,62.55,149.6667,15.17,96,100,4.72,RU,[]
362,Talnakh,69.4865,88.3972,13.21,95,95,5.26,RU,[]
363,Te Anau,-45.4167,167.7167,43.92,90,14,0.63,NZ,[]
364,La Baneza,42.3003,-5.8977,60.69,63,100,13.0,ES,[]
365,Sibolga,1.7427,98.7792,78.31,86,100,3.38,ID,[]
366,Coari,-4.085,-63.1414,82.45,82,99,4.05,BR,[]
367,Port Moresby,-9.4431,147.1797,77.45,88,57,4.18,PG,[]
368,Finnsnes,69.2296,17.9811,27.21,63,100,12.48,NO,[]
369,Axim,4.8699,-2.2405,85.1,70,43,9.51,GH,[]
370,Souillac,-20.5167,57.5167,79.18,73,75,10.36,MU,[]
371,Raudeberg,61.9875,5.1352,47.07,64,11,28.36,NO,[]
372,Comodoro Rivadavia,-45.8667,-67.5,55.26,41,20,29.93,AR,[]
373,Beringovskiy,63.05,179.3167,32.09,99,100,10.85,RU,[]
374,Dingle,10.9995,122.6711,78.91,86,100,6.91,PH,[]
375,Northam,51.0333,-4.2167,61.25,66,8,10.63,GB,[]
376,Camargo,27.6667,-105.1667,63.03,72,100,11.21,MX,[]
377,Diffa,13.3154,12.6113,106.68,10,12,6.11,NE,[]
378,North Myrtle Beach,33.816,-78.68,79.11,76,0,9.22,US,[]
379,Huilong,31.8111,121.655,56.97,92,81,5.5,CN,[]
380,Bayonet Point,28.3267,-82.6834,80.76,75,0,1.99,US,[]
381,Knysna,-34.0363,23.0471,64.13,65,2,8.03,ZA,[]
382,Sysert,56.4953,60.8192,66.18,70,100,6.2,RU,[]
383,Coos Bay,43.3665,-124.2179,44.92,97,75,8.05,US,[]
384,Camocim,-2.9022,-40.8411,84.11,68,93,10.87,BR,[]
385,Cherskiy,68.75,161.3,18.79,89,100,4.09,RU,[]
386,Lae,-6.7221,146.9847,78.62,86,99,1.83,PG,[]
387,Waipawa,-41.4122,175.5153,52.47,87,96,1.34,NZ,[]
388,Rorvik,64.8621,11.2373,37.38,86,75,14.97,NO,[]
389,Mucurici,-18.0933,-40.5158,83.05,55,38,6.85,BR,[]
390,Souris,49.6172,-100.2612,18.63,88,81,8.7,CA,[]
391,Rocha,-34.4833,-54.3333,68.23,89,100,8.16,UY,[]
392,Ostrovnoy,68.0531,39.5131,26.94,65,100,23.94,RU,[]
393,Coahuayana,18.7333,-103.6833,75.42,49,0,2.17,MX,[]
394,Nisia Floresta,-6.0911,-35.2086,86.81,60,31,13.96,BR,[]
395,Valleyview,55.0667,-117.2859,40.59,84,100,3.11,CA,[]
396,Chifeng,42.2683,118.9636,43.77,38,61,13.8,CN,[]
397,Evansville,37.9748,-87.5558,46.0,60,0,7.0,US,[]
398,Marsh Harbour,26.5412,-77.0636,74.48,68,32,10.67,BS,[]
399,Bandarbeyla,9.4942,50.8122,83.95,67,40,11.77,SO,[]
400,Mundo Nuevo,18.7,-95.5,81.0,76,29,10.25,MX,[]
401,Valdez,1.2492,-78.9831,77.67,86,100,4.03,EC,[]
402,Brandon,27.9378,-82.2859,81.1,77,0,5.75,US,[]
403,Grindavik,63.8424,-22.4338,46.87,61,75,6.91,IS,[]
404,Haapiti,-17.5667,-149.8667,76.73,74,51,18.59,PF,[]
405,Kazachinskoye,57.6953,93.2761,37.27,94,100,5.55,RU,[]
406,Teguldet,57.3064,88.1667,36.93,94,100,3.74,RU,[]
407,Buritama,-21.0661,-50.1472,89.96,36,35,10.56,BR,[]
408,Srednekolymsk,67.45,153.6833,15.62,95,100,11.12,RU,[]
409,Mena,51.5217,32.2157,59.11,75,73,11.63,UA,[]
410,Loa Janan,-0.583,117.095,74.3,99,97,1.14,ID,[]
411,Nueva Concepcion,14.2,-91.3,81.61,66,97,2.46,GT,[]
412,Pyaozerskiy,65.8333,31.1667,29.7,76,100,12.12,RU,[]
413,Matamoros,25.5333,-103.25,68.11,64,20,9.22,MX,[]
414,Miri,4.4148,114.0089,79.93,82,100,3.56,MY,[]
415,Atasu,48.6814,71.6433,56.16,31,100,4.27,KZ,[]
416,Guanare,9.0418,-69.7421,89.51,46,85,2.24,VE,[]
417,Riberalta,-10.9833,-66.1,82.6,83,33,6.91,BO,[]
418,Visnes,59.3556,5.2242,55.78,71,20,18.41,NO,[]
419,Kuah,6.3265,99.8432,85.32,70,70,5.97,MY,[]
420,Bay City,43.5945,-83.8889,42.91,77,100,9.22,US,[]
421,Plettenberg Bay,-34.0527,23.3716,63.16,66,1,9.66,ZA,[]
422,Penzance,50.1186,-5.5371,56.52,71,20,19.57,GB,[]
423,Santa Fe,-31.6333,-60.7,75.9,81,24,7.0,AR,[]
424,Cap Malheureux,-19.9842,57.6142,78.48,72,0,5.01,MU,[]
425,Bilibino,68.0546,166.4372,22.24,84,100,4.92,RU,[]
426,Huntingdon,52.3305,-0.1865,58.26,59,97,4.0,GB,[]
427,Erzin,36.9559,36.2,75.7,38,0,4.88,TR,[]
428,Fort Nelson,58.8053,-122.7002,36.99,93,75,3.44,CA,[]
429,Chicama,-7.8447,-79.1469,59.54,73,25,4.21,PE,[]
430,Stephenville,32.2207,-98.2023,56.77,66,0,6.91,US,[]
431,Zyryanka,65.75,150.85,16.56,92,100,14.85,RU,[]
432,Manta,-0.95,-80.7333,78.58,83,100,10.36,EC,[]
433,Pacific Grove,36.6177,-121.9166,51.66,89,100,15.99,US,[]
434,Grand Gaube,-20.0064,57.6608,79.2,72,1,5.01,MU,[]
435,Enshi,30.3,109.4833,68.79,88,97,0.11,CN,[]
436,Severo-Kurilsk,50.6789,156.125,31.51,85,39,13.67,RU,[]
437,Samut Songkhram,13.4,99.9583,85.32,74,100,9.57,TH,[]
438,Cascais,38.6979,-9.4215,65.61,67,20,14.0,PT,[]
439,Anage,-14.6122,-41.1356,86.68,37,1,8.75,BR,[]
440,Kulu,39.0951,33.0799,76.48,20,95,3.38,TR,[]
441,Kyra,49.5776,111.9753,31.44,36,24,3.56,RU,[]
442,Mascota,20.5167,-104.7833,59.31,16,0,1.99,MX,[]
443,Matagami,49.7502,-77.6328,24.58,78,100,10.4,CA,[]
444,Yeniseysk,58.4497,92.1703,32.58,100,100,3.4,RU,[]
445,Whithorn,18.2604,-78.0378,79.45,69,7,7.83,JM,[]
446,Pontal Do Parana,-25.6533,-48.5128,80.98,68,89,3.2,BR,[]
447,La Ronge,55.1001,-105.2842,23.54,81,10,11.05,CA,[]
448,Nishihara,26.1842,127.7558,78.46,94,75,16.11,JP,[]
449,Pathein,16.7833,94.7333,82.83,74,42,10.45,MM,[]
450,Khandyga,62.6667,135.6,11.89,98,79,0.92,RU,[]
451,Killybegs,54.6333,-8.45,56.91,60,97,8.95,IE,[]
452,Verin,41.9415,-7.4381,62.22,65,80,3.74,ES,[]
453,Narsaq,60.9167,-46.05,37.62,88,100,1.66,GL,[]
454,La Palma,33.8464,-118.0467,68.11,86,75,3.44,US,[]
455,Bam,29.106,58.357,91.26,9,49,18.21,IR,[]
456,Komsomolskiy,40.4272,71.7189,72.32,49,100,6.91,UZ,[]
457,Porto Novo,6.4965,2.6036,88.07,62,86,10.69,BJ,[]
458,Noumea,-22.2763,166.4572,73.99,99,99,9.15,NC,[]
459,Nagai,38.1036,140.035,64.99,93,100,7.18,JP,[]
460,Shingu,33.7333,135.9833,72.05,93,100,13.24,JP,[]
461,Viedma,-40.8135,-62.9967,60.85,32,100,16.06,AR,[]
462,Carbondale,37.7273,-89.2168,46.69,57,0,13.8,US,[]
463,Goias,-15.5807,-49.6362,85.12,40,3,9.69,BR,[]
464,Dhanera,24.5167,72.0167,92.66,15,0,10.98,IN,[]
465,Moissala,8.3404,17.7663,101.44,24,76,6.04,TD,[]
466,Ketchikan,55.3422,-131.6461,40.98,93,20,0.0,US,[]
467,Troitsko-Pechorsk,62.7084,56.1964,45.48,97,100,8.57,RU,[]
468,Jumla,29.2747,82.1838,49.64,78,89,5.97,NP,[]
469,Sesimbra,38.4445,-9.1015,65.41,69,19,10.27,PT,[]
470,San Andres,12.5847,-81.7006,82.42,78,100,14.97,CO,[]
471,Severnyy,50.677,36.5532,68.04,49,0,13.42,RU,[]
472,Iquitos,-3.7481,-73.2472,82.44,83,75,3.44,PE,[]
473,Bikin,46.8161,134.26,43.86,96,100,1.32,RU,[]
474,Baruun-Urt,46.6806,113.2792,34.93,14,97,3.6,MN,[]
475,Wichita Falls,33.9137,-98.4934,58.24,53,0,8.05,US,[]
476,Alofi,-19.0595,-169.9187,72.75,93,100,14.72,NU,[]
477,Taltal,-25.4,-70.4833,64.94,75,100,4.59,CL,[]
478,Bose,45.4612,8.0137,65.05,70,99,3.69,IT,[]
479,Leh,34.1667,77.5833,46.56,32,21,7.4,IN,[]
480,Merauke,-8.4667,140.3333,81.1,80,21,5.68,ID,[]
481,Winchester,51.0651,-1.3187,62.65,36,20,11.5,GB,[]
482,Nortelandia,-14.4547,-56.8028,89.26,45,1,7.92,BR,[]
483,General Pico,-35.6566,-63.7568,70.39,73,8,15.32,AR,[]
484,Biak,-0.9131,122.8766,77.43,85,100,1.36,ID,[]
485,Quatre Cocos,-20.2078,57.7625,78.91,77,18,12.95,MU,[]
486,Koslan,63.4564,48.8989,41.0,90,100,11.1,RU,[]
487,Dahuk,36.8695,42.994,68.31,65,100,7.16,IQ,[]
488,Beira,-19.8436,34.8389,78.91,79,6,9.95,MZ,[]
489,Muravlenko,63.7898,74.523,26.53,94,53,6.71,RU,[]
490,Haines Junction,60.7522,-137.5108,33.55,90,100,3.51,CA,[]
491,Concarneau,47.875,-3.9225,65.19,58,14,8.25,FR,[]
492,Gimbi,9.1667,35.8333,77.63,31,72,4.18,ET,[]
493,Nekhayevskiy,50.4106,41.7561,74.59,46,30,10.02,RU,[]
494,Sokolka,53.4072,23.5023,52.66,58,100,7.02,PL,[]
495,Adilcevaz,38.8039,42.7342,56.01,67,80,3.24,TR,[]
496,Kalmunai,7.4167,81.8167,82.71,72,71,6.46,LK,[]
497,Chabahar,25.2919,60.643,85.48,65,1,14.43,IR,[]
498,Careiro Da Varzea,-3.2003,-59.8119,88.43,82,96,4.9,BR,[]
499,Ucluelet,48.9329,-125.5528,42.1,91,100,6.67,CA,[]
500,Mattru,7.6244,-11.8332,98.56,38,100,1.25,SL,[]
501,Nantucket,41.2835,-70.0995,52.09,77,0,14.97,US,[]
502,Beyneu,45.3167,55.2,74.16,24,0,9.66,KZ,[]
503,Toowoomba,-27.55,151.9667,57.25,93,100,7.0,AU,[]
504,Tarko-Sale,64.9225,77.785,24.53,90,69,7.56,RU,[]
505,Cookeville,36.1628,-85.5016,49.71,73,20,8.05,US,[]
506,Tashara,55.5195,83.5094,45.3,57,98,4.72,RU,[]
507,Hamilton,39.1834,-84.5333,45.75,70,40,12.66,US,[]
508,Great Bend,38.3645,-98.7648,55.85,37,0,14.97,US,[]
509,Sydney,-33.8679,151.2073,63.7,92,75,4.61,AU,[]
510,Puerto Madryn,-42.7692,-65.0385,62.35,39,100,25.14,AR,[]
511,Quelimane,-17.8786,36.8883,77.38,88,9,8.52,MZ,[]
512,Awjilah,29.1081,21.2869,97.75,8,25,12.15,LY,[]
513,Palu,-0.8917,119.8707,76.46,95,95,1.63,ID,[]
514,Ozinki,51.1786,49.6769,68.32,52,100,15.12,RU,[]
515,Matay,28.419,30.7792,97.0,9,1,13.65,EG,[]
516,Kamen-Rybolov,44.7481,132.0403,45.73,58,50,7.0,RU,[]
517,Coquimbo,-29.9533,-71.3436,56.93,88,40,8.05,CL,[]
518,Dolinsk,47.35,142.8,32.76,96,87,4.21,RU,[]
519,Canton,23.1167,113.25,80.55,59,98,10.76,CN,[]
520,Baghdad,33.3406,44.4009,87.71,27,0,6.91,IQ,[]
521,San Vicente,-26.6167,-54.1333,81.7,51,0,8.55,AR,[]
522,Molochnoye,59.2917,39.6787,44.1,81,100,10.4,RU,[]
523,Dilla,6.41,38.31,71.67,73,100,5.23,ET,[]
524,Novobessergenevka,47.1847,38.8462,70.9,57,76,6.2,RU,[]
525,Lakselv,70.0513,24.9718,22.82,58,75,18.41,NO,[]
526,Bubaque,11.2833,-15.8333,79.75,69,100,9.66,GW,[]
527,General Roca,-39.0333,-67.5833,65.62,37,40,28.16,AR,[]
528,Lerwick,60.1545,-1.1494,48.2,59,27,16.75,GB,[]
529,Gashua,12.871,11.0482,107.24,6,22,8.03,NG,[]
530,Kayerkan,69.3497,87.7602,12.52,78,88,7.23,RU,[]
531,San Fernando,15.0286,120.6898,81.61,72,7,4.59,PH,[]
532,Mount Gambier,-37.8333,140.7667,57.33,88,100,4.65,AU,[]
533,Kieta,-6.2167,155.6333,78.33,85,100,1.01,PG,[]
534,Lac-Megantic,45.5834,-70.8823,43.52,86,100,7.09,CA,[]
535,Rafaela,-31.2503,-61.4867,78.64,76,20,11.14,AR,[]
536,Turan,16.0678,108.2208,80.58,89,20,0.0,VN,[]
537,Saint-Augustin,51.226,-58.6502,35.02,100,100,4.88,CA,[]
538,Sarkand,45.41,79.9186,50.07,55,1,5.64,KZ,[]
539,Gurupi,-11.7292,-49.0686,82.54,56,0,10.02,BR,[]
540,Sabang,5.8933,95.3214,84.69,68,100,11.61,ID,[]
541,Dawson Creek,55.7666,-120.2362,37.4,73,56,3.8,CA,[]
542,Marzuq,14.4,46.4667,85.12,36,33,7.14,YE,[]
543,Colares,38.7992,-9.4469,66.45,68,20,14.0,PT,[]
544,Gat,31.61,34.7642,88.39,42,26,14.43,IL,[]
545,Mazara Del Vallo,37.6641,12.588,78.93,78,82,5.44,IT,[]
546,Zyryanovsk,49.7386,84.2719,45.82,60,51,1.1,KZ,[]
547,Pierre,44.3683,-100.351,36.52,71,0,20.71,US,[]
